km,detour_m,kind,name,hours,lat,lon,osm
8.64,342,cafe,Linn Terrace Cafe,Mo-Fr 10:00-22:00; Sa-Su 12:00-22:00,59.4635615,24.6797575,node/13955627836
9.51,352,drinking_water,NA,NA,59.4638166,24.6783942,node/8913290616
9.54,20,cafe,Sepa Kohvik,Mo-Fr 09:00-15:00,59.460708,24.6763034,node/8926852752
9.88,206,restaurant,Batumi,Mo-Su 11:00-23:00,59.4609703,24.6679334,node/1682156000
10.28,204,restaurant,Kopli Köök,Mo-Fr 11:00-16:00; Sa 11:00-18:00; Su 11:00-16:00,59.4562902,24.6736504,node/9062728531
10.28,219,restaurant,Puusepa Pitsa,"We,Th 14:00-21:00; Fr 14:00-22:00; Sa 12:00-22:00; Su 12:00-18:00",59.456004,24.6738656,node/9052996232
10.35,158,cafe,kompott,NA,59.4560649,24.675224,node/9842095784
10.35,166,cafe,Kokomo,Tu-Sa 10:00-17:00,59.456052,24.6750486,node/9062715193
10.35,167,bakery,Karjase Sai,Sep-May Mo-Su 09:00-15:00; Jun-Aug Mo-Su 08:00-15:00,59.4562078,24.674768,node/9052996231
10.35,168,restaurant,Barbarea,We-Sa 17:30-23:00,59.4561619,24.6748206,node/9842095779
10.47,241,cafe,Kiosk №3,"Tu-Th 10:00-19:00; Fr 10:00-18:00; Sa,Su 11:00-18:00; Mo off",59.4549873,24.6752837,node/11389696669
10.58,28,cafe,Bend,Mo-Su 07:00-24:00,59.4554014,24.6800617,node/1739994765
10.58,31,restaurant,DVIN,NA,59.4553777,24.6800532,node/14017951801
10.58,54,convenience,Sirbi kauplus,"Mo-Su,PH 10:00-22:00",59.4556358,24.6809364,node/1739994764
11.15,49,supermarket,Maxima X,Mo-Su 08:00-22:00,59.4543775,24.6895564,node/7779187519
11.2,23,bakery,Osseetia Pirukad,Mo-Th 10:00-19:00; Fr-Su 10:00-20:00,59.4541091,24.6887738,node/9810591224
11.29,359,greengrocer,NA,Mo-Sa 10:00-21:00; Su 10:00-19:00,59.4520589,24.6933548,node/1739999902
11.46,67,convenience,Liiko,Mo-Su 10:00-22:00,59.4517113,24.6867572,node/2408416603
11.7,73,restaurant,Pubi F.M. & Restoran Dostojevski,Mo-Su 12:00-22:00,59.4498759,24.6833362,way/770892622
11.71,27,drinking_water,NA,NA,59.450151,24.6839973,node/12830611379
12.04,315,convenience,NA,NA,59.4477486,24.6923543,node/4243902193
12.14,221,kiosk,Subhan,Mo-Fr 09:00-19:00; Sa 09:00-18:00,59.4468362,24.690847,way/451877064
12.14,259,fast_food,Sushi,NA,59.4470177,24.6915228,node/4243902190
12.14,263,supermarket,NA,NA,59.4471105,24.6915818,node/4243902191
12.14,328,restaurant,Chopsticks,Mo-Su 11:00-21:00,59.4470779,24.6927506,node/4240707165
12.14,330,bakery,Samsa,NA,59.4472214,24.6927651,node/13990548758
12.14,337,restaurant,Pizza Kiosk,Mo-Su 11:00-21:00,59.4473711,24.6928493,node/4240707167
12.14,337,restaurant,my sushi,NA,59.4472112,24.6928859,node/13990548757
12.14,345,supermarket,Maxima XX,Mo-Su 8:00-23:00,59.4471908,24.6930271,node/3305337709
12.14,384,convenience,Lihamaailm,Mo-Fr 10:00-20:00; Sa 10:00-19:00; Su 10:00-18:00,59.4474126,24.6936766,node/1740020184
12.14,384,butcher,Liha Expert Tuulemaa 21,NA,59.4475925,24.6936244,node/9952412118
12.64,61,kiosk,Premia,no,59.4424214,24.685651,node/12161990333
12.7,74,drinking_water,NA,NA,59.4422901,24.6853533,node/9759355758
12.9,85,fast_food,NA,NA,59.4405008,24.6842155,node/13834835432
14.75,16,drinking_water,NA,24/7,59.4282797,24.6673404,node/11076869952
15,488,cafe,Illu kohvik,NA,59.4239347,24.6598942,node/5753675915
15.08,124,convenience,R kiosk,Mo-Fr 07:00-21:00; Sa-Su 09:00-21:00,59.4275367,24.6606802,way/405024852
15.08,136,fuel,Neste,24/7,59.4273563,24.6607751,way/26846137
15.14,150,fast_food,Hesburger,Mo-Su 09:00-22:00,59.4274966,24.6599611,way/26846121
15.41,198,restaurant,Al Mare Grill,"Mo-Th,Su 11:00-22:00; Fr-Sa 11:00-23:00",59.4271756,24.6557463,node/4072521906
15.41,274,cafe,Reval Cafe,Mo-Sa 09:00-21:00; Su 09:00-19:00,59.4267466,24.6542884,node/9655841422
15.41,364,fast_food,McDonald's,Mo-Su 07:00-23:00,59.4258172,24.6544486,way/26846862
15.41,908,fast_food,Pizza kiosk,Mo-Fr 11:00-21:00; Sa 12:00-21:00; Su 12:00-20:00,59.4212667,24.6509183,node/9621126114
15.41,917,supermarket,Maxima XXX,24/7,59.4211214,24.6512281,node/5282817524
15.41,933,fast_food,Hesburger,Mo-Su 09:00-22:00,59.4211024,24.6505424,node/5282817523
15.49,263,cafe,Boost,Mo-Sa 10:00-21:00; Su 10:00-19:00,59.4270007,24.6536691,node/9655841428
15.49,267,greengrocer,No bananas,NA,59.426987,24.6535761,node/10814394976
15.49,272,kiosk,R-kiosk,Mo-Sa 08:30-21:00; Su 09:00-19:00,59.4269706,24.6534215,node/9655841431
15.49,314,supermarket,Biomarket,Mo-Sa 10:00-21:00; Su 10:00-19:00,59.426605,24.6531916,node/7130760352
15.5,265,cafe,Coffee In,Mo-Sa 10:00-21:00; Su 10:00-19:00,59.4270639,24.6533426,node/12749468983
15.61,235,supermarket,Prisma,Mo-Su 08:00-23:00,59.4273553,24.6532383,node/1802635733
15.61,259,restaurant,Da Vinci,Mo-Sa 10:00-21:00; Su 10:00-19:00,59.4271808,24.6526521,way/1023623993
15.61,266,butcher,Matsimoka,Mo-Sa 10:00-21:00; Su 10:00-19:00,59.4270764,24.6532513,way/1023394696
15.61,274,restaurant,REPA,Mo-Sa 10:00-21:00; Su 10:00-19:00,59.4270934,24.6522286,node/9607419318
15.61,290,restaurant,Tommi Grill,Mo-Sa 10:00-21:00; Su 10:00-19:00,59.4269473,24.6521791,way/1023624006
15.61,296,restaurant,Chopsticks,Mo-Sa 10:00-21:00; Su 10:00-19:00,59.4268477,24.6525921,way/1023623992
15.61,301,general,Flying Tiger Copenhagen,Su 10:00-19:00; Mo-Sa 10:00-21:00,59.4267695,24.6530482,way/1023394554
15.61,306,restaurant,Mack Bar-b-que,Mo-Sa 10:00-21:00; Su 10:00-19:00,59.4267999,24.6522139,way/1023623991
15.61,313,restaurant,MySushi,Mo-Sa 10:00-21:00; Su 10:00-19:00,59.4266919,24.6525395,way/1023624004
15.61,317,fast_food,My Döner,Mo-Sa 10:00-21:00; Su 10:00-19:00,59.4266971,24.6522041,way/1023623990
15.61,358,fast_food,KFC,Su 10:00-19:00; Mo-Sa 10:00-21:00,59.4262962,24.6523712,way/1023394636
15.61,360,greengrocer,No bananas,Mo-Sa 10:00-21:00; Su 10:00-19:00,59.4263275,24.6519563,node/11999391644
15.61,376,fast_food,Burger King,Su 10:00-19:00; Mo-Sa 10:00-21:00,59.4261774,24.6519396,way/1023394655
15.63,354,fast_food,Blender,Su 10:00-19:00; Mo-Sa 10:00-21:00,59.4264241,24.6516902,node/9633491350
15.63,460,supermarket,Rocca al Mare Selver,Mo-Su 08:00-23:00,59.4259122,24.6492931,way/1023394637
15.63,555,fuel,Alexela,24/7,59.4248254,24.6498481,way/26847542
15.63,695,convenience,Circle K,24/7,59.4242443,24.6466933,way/414515850
15.63,708,fuel,Circle K Haabersti,24/7,59.4241039,24.6466796,way/26866715
15.63,883,bakery,Biscuit,Tu-Fr 12:00-19:00; Sa 12:00-18:00,59.422145,24.6474081,node/11931319543
15.63,1130,convenience,Olerex,24/7,59.4199803,24.6463379,way/26866929
16.04,537,fast_food,Hesburger,"""During events""",59.4257543,24.6472929,node/9674008028
16.12,397,cafe,Cafe Agassi,Mo-Fr 09:00-16:00,59.4270693,24.6456405,node/4067832444
16.12,723,fast_food,Lit,Su-Th 11:00-22:00; Fr-Sa 11:00-01:00,59.4241264,24.6457794,node/9628429939
16.21,535,cafe,Veska-grill,Mo-Fr 11:00-20:00; Sa 10:00-18:00; Su 10:00-16:00,59.4258647,24.6445647,node/9628416712
16.21,626,supermarket,Rimi Hypermarket,Mo-Su 08:00-22:00,59.4250681,24.643705,node/4156508308
16.21,662,fast_food,Peetri pizza,Mo-Fr 11:00-21:30; Sa-Su 10:30-21:30,59.424727,24.6441825,node/9628429926
16.21,666,fast_food,MySushi Express,Mo-Th 11:00-21:00; Fr-Su 10:00-21:00,59.4246942,24.6440618,node/9628429927
16.21,667,bakery,Pirogoff,We-Su 12:00-21:00,59.424702,24.6436002,node/9628429928
16.21,674,restaurant,Chopsticks,NA,59.4246233,24.6444614,node/9628429924
16.21,682,greengrocer,NA,NA,59.4245526,24.6438782,node/10814394979
16.52,307,restaurant,Kolu kõrts,Mo-Su 10:00-19:00,59.4336133,24.6405281,way/26855182
16.59,5,drinking_water,NA,NA,59.4310946,24.6378622,node/10632719725
16.59,372,convenience,Lau külapood,NA,59.4344733,24.6381338,node/2314802344
17.08,1136,fuel,Olerex,24/7,59.4199501,24.6460348,way/26848643
17.1,991,fuel,Alexela,24/7,59.41912,24.637779,way/249459233
17.1,1014,cafe,Alexela,24/7,59.4188663,24.6375691,node/11931319544
17.1,1014,convenience,Alexela,24/7,59.4188565,24.6374869,way/620729058
17.26,159,fuel,Circle K automaat,24/7,59.4276397,24.6287556,relation/20741828
17.31,165,fast_food,Veska grill & baar,NA,59.4277739,24.6282837,node/3265945321
17.4,173,supermarket,Kakumäe Selver,Mo-Su 08:00-23:00,59.4282253,24.6269175,node/631605216
18.59,556,supermarket,Lidl,Mo-Su 08:00-22:00,59.4308073,24.6106406,way/856493254
19.41,870,restaurant,Talleke ja Pullike,Mo-Su 12:15-24:00,59.4429725,24.5944569,node/755910628
20,41,fuel,Jetoil,24/7,59.4327076,24.5921515,way/1502559291
20.48,1231,restaurant,Meat Resto & Butchery,NA,59.4374227,24.5721296,node/4756603824
22.03,74,convenience,Meie Harkujärve pood,Mo-Sa 10:00-21:00; Su 10:00-20:00,59.4187373,24.5903242,way/1314345348
26.24,28,fuel,Alexela,24/7,59.4220014,24.5385659,node/6178499227
27.03,58,cafe,Neiborhuud,Mo-Fr 11:00-21:00; Sa 12:00-21:00; Su 12:00-19:00,59.4281665,24.5458614,node/9937524012
27.11,46,restaurant,BabyBack,Mo-Th 12:00-20:00; Fr 12:00-21:00; Sa 13:00-21:00; Su 13:00-20:00,59.4282042,24.5475639,node/619765934
27.11,46,cafe,Portsman,Mo-Fr 11:00-15:00,59.4283458,24.5464171,node/9937524009
27.17,161,supermarket,Tabasalu Selver,Mo-Su 08:00-23:00,59.4289991,24.5502465,node/10154305151
27.21,35,fuel,Circle K Tabasalu Automaat,24/7,59.429708,24.5472354,way/1110255122
27.21,62,supermarket,Realiseerimiskeskus,Mo-Fr 09:00-20:00; Su 10:00-20:00; Su 10:00-18:00,59.4298199,24.5467478,way/26860140
27.21,262,convenience,Karia Market,10:00-20:00,59.4293694,24.5521558,way/26851182
27.21,312,bakery,Imelihtne,Mo-Fr 09:00-18:00; Sa-Su 10:00-16:00,59.4295487,24.5530381,node/4750501741
27.3,192,fast_food,Pitsapoisid,Mo-Su 11:00-22:00,59.430127,24.5441612,node/1331316931
27.3,221,supermarket,Tabasalu Rimi super,Mo-Su 08:00-22:00,59.430078,24.5436628,way/96369656
27.4,870,bakery,Pirogoff,07:00-21:00,59.4315199,24.5628304,node/13675247456
27.4,873,greengrocer,NA,Mo-Sa 11:00-21:00; Su 11:00-19:00,59.4315597,24.5628707,node/13675247455
27.4,903,supermarket,Prisma,Mo-Su 07:00-23:00,59.4315333,24.5633999,way/974410762
27.45,875,restaurant,Wok'n'roll,Mo-Su 10:00-21:00,59.4316113,24.5629097,node/11232998509
27.64,784,restaurant,Restoran Lucca,NA,59.4324955,24.5615516,way/26859917
27.64,892,fuel,Alexela Tiskre tankla,24/7,59.432078,24.5633571,way/1120216872
27.64,925,convenience,Alexela Tiskre mugavuspood,Mo-Su 06:00-22:00,59.4319682,24.5639236,way/1120216871
32.43,186,cafe,Sadamakohvik Cliff,Fr 14:00-19:00; Sa 12:00-20:00; Su 12:00-16:00,59.4554026,24.4870794,way/1005929937
35.75,1407,supermarket,COOP Muraste Konsum,09:00-22:00,59.4549285,24.4439799,way/416598679
44.28,1158,fuel,Alexela,24/7,59.4456754,24.3808188,way/1121203893
44.28,1173,convenience,Alexela Viti mugavuspood,Mo-Su 07:00-22:00,59.4457441,24.3810602,way/249704306
45.17,639,cafe,The Greenhouse Café,NA,59.4332919,24.3671992,node/1594546751
45.17,653,convenience,Maksis,Mo-Sa 06:00-24:00,59.432892,24.3670853,way/233549793
45.17,669,convenience,Meie Vääna-Jõesuu pood,Mo-Su 10:00-21:00,59.4334915,24.3679482,way/722559040
46.76,34,cafe,Jõesuu Lounge,NA,59.4258558,24.3444649,node/8928588117
67.74,1291,fuel,NA,NA,59.3291866,24.4742761,node/1638082794
69.36,85,fuel,Circle K,24/7,59.3111887,24.4379175,way/221099136
69.36,89,convenience,Circle K,24/7,59.3112884,24.4381216,way/34096565
69.57,21,fast_food,Grill & Chill tänavatoit,NA,59.3105123,24.4354979,way/1111171448
69.57,59,fast_food,Subway,NA,59.31035,24.4362098,node/3545010667
69.57,107,fuel,Alexela,24/7,59.3105387,24.4372768,node/305035205
69.57,131,kiosk,Alexela Paus,24/7,59.3104045,24.4376498,node/4266006097
69.69,82,supermarket,Maxima X,NA,59.3105831,24.4324636,way/320432203
70.41,256,cafe,NA,NA,59.3039087,24.4397709,node/11034073048
85.83,251,convenience,NA,NA,59.2381254,24.2893737,node/2795096104
86.82,587,convenience,Meie Vasalemma pood,Mo-Sa 10:00-21:00; Su 10:00-20:00,59.2382181,24.2755065,way/707292927
86.82,626,fast_food,Rätsepa Burger,NA,59.2385926,24.2754916,node/13248064292
92.65,817,restaurant,Rummu Grill,"Mo-Th 11:00-23:00; Fr, Sa 11:00-00:00; Su 12:00-22:00",59.2313058,24.2033779,node/13125105660
93.64,343,cafe,Rummu Quarry Café,Jun 01-Aug 31,59.2273418,24.1960046,way/131055175
93.94,590,convenience,Keldripood,Mo-Sa 10:00-20:00; Su 10:00-19:00,59.232678,24.1965603,node/11225418522
93.94,718,convenience,"Kauplus ""Duett""",10:00-20:00,59.2313052,24.200854,node/3652701025
95.19,58,restaurant,Tammetare bistroo,NA,59.2284535,24.1686691,way/1211786358
95.25,48,fuel,NA,NA,59.2282278,24.1677089,way/265261526
130.06,927,convenience,Circle K,NA,58.9968319,24.0726521,way/1409681779
130.06,952,fuel,Circle K,24/7,58.9969505,24.0731545,way/1409681778
130.1,62,convenience,Coop Risti kauplus,Mo-Su 09:00-20:00,58.9982219,24.0570584,way/211976718
130.24,490,cafe,Risti kohvik,NA,58.9940902,24.0572968,way/249139945
130.29,500,fuel,Krooning Risti tankla,24/7,58.9938702,24.0566386,node/251974273
140.93,263,convenience,Coop Palivere kauplus,Mo-Su 09:00-20:00,58.9656061,23.8935178,way/213177941
146.36,508,restaurant,Peshawari Tandoori Aasia Köök,NA,58.9575604,23.8024341,node/11587410986
162.78,237,convenience,Coop Parila kauplus,Mo-Su 09:00-19:00,58.868267,23.6226612,node/6584704434
181.62,231,cafe,Rohuküla sadamahoone kohvik,Mo-Sa 09:00-20:00; Su 09:00-17:00,58.9062548,23.424561,node/4462743789
204.22,196,fast_food,Heltermaa Baar,Mo-Sa 09:00-19:00; Su 09:00-20:00,58.8654599,23.0471738,node/4294940992
229.92,288,restaurant,Roograhu sadama restoran,Mo-Th 12:00-18:00; Fr-Sa 12:00 - 21:00; Su 12:00-18:00,58.9996729,22.8186393,node/2961361762
235.45,233,restaurant,Kuur,Mo-Th 11:00-23:00; Fr-Sa 11:00-01:00; Su 11:00-23:00,59.008133,22.7520105,way/213187166
235.65,423,restaurant,Rannapaargu,NA,59.0063672,22.7447359,way/32686964
235.8,167,cafe,Baabad,Mo-Sa 11:00-18:00,59.0041977,22.747308,node/8935442846
235.89,41,restaurant,NA,NA,59.0030038,22.7496684,node/13518301405
236.33,218,restaurant,Hiiumaa Pruulikoja Resto,Su-We 12:00-20:00; Th 12:00-22:00; Fr-Sa 12:00-00:00,58.9995167,22.7425454,node/12007407090
236.39,36,supermarket,Coop Hiiu Konsum,Mo-Fr 07:30-21:00; Sa-Su 09:00-21:00,58.9985632,22.7469862,way/31299699
236.44,101,cafe,Kohvik Gahwa,NA,58.9981164,22.748266,node/2214767486
236.44,142,supermarket,Realiseerimiskeskus,Mo-Fr 09:00-18:00; Sa 09:00-15:00,58.9982942,22.7490042,node/13463586498
236.53,14,drinking_water,NA,NA,58.9975964,22.7466694,node/9002272649
236.53,22,restaurant,Mamma mia,11:30-21:00,58.9975796,22.7461771,node/7575202850
236.61,13,restaurant,Masala,NA,58.9967239,22.7467235,node/11019573128
236.9,1120,supermarket,Selver,Mo-Su 08:00-23:00,58.9897414,22.764034,way/251781723
236.9,1201,fuel,Neste,24/7,58.9892241,22.7651098,way/702032996
236.92,189,drinking_water,Tau allikas,NA,58.9924296,22.7472939,node/3677361061
236.92,620,supermarket,COOP Tormi Konsum,Mo-Su 09:00-22:00,58.9902785,22.7543127,way/31299713
237.04,41,fuel,Jetoil Kärdla tankla,24/7,58.9945465,22.7440555,way/215129367
237.04,78,cafe,Iiu bangalo,NA,58.994854,22.743828,node/7575243410
237.6,431,drinking_water,NA,NA,58.9971642,22.7316042,node/4399259328
237.6,933,drinking_water,NA,NA,59.0006566,22.7257406,node/7575202876
237.67,39,supermarket,Kärdla Rimi mini,Mo-Su 09:00-21:00,58.9931055,22.7346155,way/213818812
237.88,628,fuel,Kärdla Olerex,NA,58.9944559,22.7224811,way/754364935
268.82,59,fuel,Jetoil Käina tankla,NA,58.8315215,22.7704411,way/229096719
268.89,100,supermarket,Coop Käina Konsum,Mo-Su 08:00-22:00,58.8314458,22.7740761,way/1123423126
269.16,18,convenience,NA,24/7,58.8293664,22.7732732,way/711510124
269.16,31,fuel,Käina Olerex,NA,58.8293806,22.7735308,way/213319880
269.53,44,restaurant,Kao Thai,Mo-Su 12:00-21:00,58.8264616,22.774841,node/12086923675
269.62,60,restaurant,Rannu pubi,Mo-Sa 11:30-20:00,58.8268676,22.7769662,node/11017467373
269.75,13,restaurant,Hotell Liilia,NA,58.8282342,22.7765331,node/3677402593
278.76,132,convenience,Kassari Pood,Mo-Su 10:00-22:00,58.7892298,22.8300999,node/4328034790
278.85,16,restaurant,Lest ja Lammas,Mo-Su 12:00-22:00,58.7878305,22.8310232,node/920758589
283.39,77,drinking_water,NA,NA,58.7886406,22.772704,node/12065890388
283.39,108,drinking_water,NA,NA,58.7886447,22.7720788,node/12065890389
283.49,77,restaurant,iiUMEKK,Mo-We 12:00-20:00; Th-Sa 12:00-22:00; Su 12:00-18:00,58.7889998,22.772365,node/3677397329
315.13,58,convenience,NA,NA,58.701698,22.5267119,way/92901749
316.17,35,restaurant,Sõru kõrts,NA,58.694443,22.5228831,node/1208905253
316.45,14,convenience,NA,NA,58.6933225,22.5221008,node/1851613315
316.63,19,drinking_water,NA,NA,58.6919122,22.5221276,node/12154071629
333.45,15,fuel,Triigi sadamatankla,24/7,58.5915582,22.7172635,node/11127361482
333.49,36,cafe,NA,NA,58.5915713,22.7160462,node/4294139101
337.29,58,restaurant,Willa Inga,NA,58.5706737,22.683289,node/6848230910
337.29,872,fuel,Olerex,NA,58.5642254,22.6900616,node/11136113785
337.37,25,convenience,Coop Leisi kauplus,Mo-Su 09:00-21:00,58.5717275,22.682046,way/225703814
358.04,927,cafe,Mustjala Mustard,Jun 15-Sep 15 10:00-18:00,58.5636219,22.3943989,node/3687926850
365.05,32,restaurant,Kliff Butiik,NA,58.5671637,22.3025338,node/12047072912
365.96,11,cafe,NA,NA,58.5701211,22.2895433,node/5007710123
373.51,376,convenience,Võhma perepood,NA,58.5278328,22.3424319,node/1873139585
388.79,276,restaurant,Rotterdam,NA,58.5364665,22.2344425,way/245000701
411.24,728,cafe,NA,NA,58.4151235,22.1281875,node/11112211071
411.24,781,cafe,Pidula forell,NA,58.4131055,22.1261371,node/11112076598
459.28,713,restaurant,Köstrimaja,NA,58.3624813,22.0480617,node/11158906368
459.55,143,convenience,NA,NA,58.3602184,22.0388051,node/11112447891
459.6,76,convenience,Coop Kihelkonna kauplus,Mo-Sa 09:00-20:00; Su 10:00-18:00,58.3596263,22.0374885,way/132084277
475.5,938,convenience,Coop Lümanda kauplus,Mo-Su 09:00-20:00,58.286839,22.0244375,way/725182429
475.5,1170,restaurant,Söögimaja,NA,58.28895,22.0253315,node/11112604224
479.39,131,cafe,NA,NA,58.2465114,22.0322435,node/5633623912
504.41,32,bakery,Salme sai,NA,58.1623895,22.2498485,way/227576092
504.59,97,fast_food,Viking burger,NA,58.1648165,22.2512145,way/213178263
504.62,43,supermarket,Coop,Mo-Su 09:00-22:00,58.1644368,22.2502597,way/1103831774
548.93,211,convenience,Sauvere perepood,NA,58.3865743,22.3331071,node/11111120232
573.61,7,restaurant,Trahter,NA,58.3713789,22.6718068,node/1851601216
573.61,35,convenience,Kaali Kauplus,10:00-20:00,58.3717324,22.6719401,node/860405294
587.22,54,drinking_water,NA,NA,58.4092663,22.789981,node/12269090301
587.31,26,convenience,Coop Valjala kauplus,Mo-Fr 08:00-19:00; Sa-Su 10:00-18:00,58.4094375,22.791488,way/213731465
604.75,24,convenience,Laimjala pood,NA,58.4268028,23.0028761,node/12895538135
607.05,1008,fast_food,NA,NA,58.4159889,23.0048622,node/11074194250
649.73,28,cafe,Meierei Kohvik,Mo-Sa 11:00-16:00,58.503793,23.1181312,node/11992952570
649.73,29,convenience,Coop Tornimäe kauplus,Mo-Sa 09:00-20:00; Su 10:00-18:00,58.504156,23.1180115,way/232575203
650.03,1040,bakery,Koplimäe talupood-kohvik,NA,58.5010577,23.0964744,node/4226823593
680.58,1425,restaurant,Muhu veinimaja,May-Sep,58.6492026,23.3025269,node/4292714991
690.8,343,supermarket,Coop Hellamaa kauplus,Mo-Fr 10:00-18:00; Sa-Su 10:00-16:00,58.6068581,23.310735,way/173818575
698.49,152,convenience,Kuivastu Kauplus ja Kohvik,NA,58.5728455,23.3903208,node/12219065096
698.49,329,convenience,NA,NA,58.5734248,23.3932078,node/860405349
705.89,36,supermarket,Coop Virtsu Konsum,Mo-Su 09:00-20:00,58.5724055,23.514917,way/213728229
705.89,302,cafe,Virtsu Sadama Kohvik,Mo-Su 09:00-19:00,58.5736315,23.5109718,node/5158764051
705.92,83,fuel,Jetoil Virtsu,24/7,58.5716149,23.5142155,way/672373960
705.99,43,fast_food,Toidutanker,Mo-Su 08:00-20:00,58.5717371,23.5162533,way/672373959
724.5,925,convenience,Coop Tuudi kauplus,Mo-Fr 10:00-18:00; Sa 10:00-15:00,58.662403,23.731725,way/234761709
736.15,1046,restaurant,Trahter Birgit,Mo-Su 10:00-20:00,58.7000654,23.8313782,node/4250916698
737.18,159,drinking_water,NA,NA,58.7146695,23.8143491,node/13968372364
749.93,31,cafe,ZZ Shop,Th-Su 11:00-18:00,58.7260299,23.9533913,node/11127510873
763.23,49,convenience,Rõude kauplus,Mo-Sa 10:00-18:00,58.7713551,23.9238568,node/13968772542
776.03,65,convenience,Coop Martna kauplus,Mo-Fr 09:00-19:00,58.855298,23.801843,way/250166972
798.16,600,supermarket,Coop Uuemõisa Konsum,Mo-Su 09:00-22:00,58.9403171,23.58238,way/213826652
798.16,749,fuel,Terminal Oil Haapsalu tankla,NA,58.9384693,23.576956,node/12247869103
798.16,914,convenience,Circle K,NA,58.9386731,23.5740732,way/78515501
798.16,952,convenience,Olerex,NA,58.9383711,23.5732144,way/215129277
798.16,988,supermarket,Rannarootsi Selver,Mo-Su 09:00-23:00,58.9359139,23.5721038,node/1393534281
798.16,1153,fuel,Alexela,24/7,58.9367262,23.569235,way/768843513
798.16,1377,fuel,Alexela,24/7,58.9367404,23.5653241,way/768843264
802.35,692,restaurant,Iveria,Mo-Su 12:00-05:00,58.9520395,23.6570175,way/239129962
808.75,896,convenience,Coop Taebla kauplus,Mo-Su 09:00-20:00,58.9565425,23.744254,way/226873085
815.27,20,cafe,NA,NA,58.9938679,23.7130275,way/276476360
815.43,25,convenience,Coop Linnamäe kauplus,Mo-Su 09:00-20:00,58.9947624,23.7112257,way/276476115
815.56,107,fuel,Krooning Linnamäe tankla,24/7,58.996222,23.7108747,way/276477465
815.56,108,kiosk,Krooning Linnamäe tankla kiosk,Mo-Su 09:00-21:00,58.9963387,23.7107055,way/276477409
852.45,1253,drinking_water,NA,NA,59.2087864,23.6242688,node/4323700841
857.98,429,convenience,Nõva pood,10:00-21:00,59.2214829,23.6795771,node/2427040154
857.98,433,restaurant,Suitsupoiss,NA,59.221713,23.679248,node/12046067419
857.98,435,cafe,Nõva Mõisa kohvik,"Mo-Th 10:00-19:00; Fr,Sa 10:00-21:00; Su 10:00-20:00",59.2214748,23.6794629,node/2427040155
858.78,314,bakery,Nõva Break,NA,59.220517,23.6972105,way/246543412
887.33,938,convenience,Meie Harju-Risti pood,Mo-Sa 10:00-21:00; Su 10:00-20:00,59.228351,24.0130015,node/4336560995
895.55,171,convenience,NA,NA,59.2262974,24.1436937,node/999166259
896.6,11,cafe,Pleiss,"Mo-Th 10:30-19:30; Fr, Sa 10:30-21:00; Su 10:30-19:00",59.2268069,24.1629881,way/265261525
896.64,19,convenience,NA,NA,59.2272781,24.1629843,node/1156356031
911.72,849,fuel,Alexela,24/7,59.339417,24.105153,node/660788044
913.93,72,convenience,Maxima X,NA,59.347641,24.0627594,way/112314768
914.19,38,convenience,Grossi Toidukaubad,08:00-22:00,59.3496292,24.059654,node/660787992
914.34,40,restaurant,Peetri Pizza,12:00-21:00,59.350156,24.0576833,node/11510936633
914.42,247,restaurant,tavern Peetri Toll,NA,59.3502454,24.0532605,way/88405760
914.51,282,butcher,NA,NA,59.3533437,24.0603797,node/4321615146
914.6,41,convenience,Paldiski Kaubamaja,NA,59.3524477,24.0548923,way/84983066
914.6,51,supermarket,Coop Paldiski Konsum,Mo-Su 09:00-22:00,59.3526698,24.0563961,way/87985310
914.69,48,cafe,Kohvik,Mo-Su 10:00-18:00,59.353271,24.05558,node/12873793575
914.69,255,convenience,NA,NA,59.3542218,24.058724,node/4321618647
919.26,17,cafe,Pakri Parun,Mo-Su 10:00-22:00,59.387155,24.036454,node/4306509391
934.93,9,cafe,Resto Pleiss,"Mo-Th 12:00-20:00; Fr, Sa 12:00-21:00; Su 12:00-20:00",59.3211771,24.2260825,node/13157740128
934.93,14,general,Mini-Top,Mo-Su 09:30-21:00,59.321228,24.226085,way/53826079
949.01,152,cafe,Usin,NA,59.3018319,24.4068051,node/1335557204
949.28,744,supermarket,Keila TÜ Rõõmu kaubamaja,Mo-Su 09:00-22:00,59.3070774,24.3996914,way/117208236
949.28,880,fuel,Alexela,NA,59.3079105,24.3979123,way/117208240
949.45,362,convenience,Keila TÜ Jaama kauplus,Mo-Su 08:00-21:00,59.306809199999996,24.4139021,way/213816691
949.52,303,cafe,Kegel,Mo-Fr 10:00-17:00,59.3062862,24.4148247,node/1177385172
949.52,392,butcher,Kolm Põrsakest,NA,59.3070811,24.4142661,node/2709327301
949.52,431,restaurant,Jää,Tu-Th 17:00-22:30; Fr 17:00-23:00; Sa 12:00-23:00,59.307433,24.4151286,node/10637598696
949.66,315,drinking_water,NA,NA,59.3064097,24.4172401,node/7683055376
949.66,405,restaurant,Peetri Pizza,NA,59.3072095,24.4166206,node/1256683158
950.57,55,restaurant,Vagamama,NA,59.307837,24.4246396,node/6466394485
950.59,217,convenience,Keila TÜ Kauplus Keila,Mo-Su 09:00-22:00,59.3089702,24.4223793,node/910563566
950.6,132,restaurant,Kesk VÄLJAK,NA,59.3088076,24.4239412,node/1401360782
950.6,291,convenience,mini rimi,Mo-Sa 08:00-22:00,59.3097711,24.4218572,way/61965548
950.6,680,convenience,Grossi toidukaubad,NA,59.3125203,24.4175103,way/99316784
950.6,966,cafe,Legends Classic Diner,Mo-Th 12:00-21:00; Fr-Su 12:00-22:00,59.3142307,24.4137325,node/5132820807
950.6,1187,restaurant,Monk,Mo-Sa 10:00-20:00; Su 10:00-18:00,59.3154845,24.4106988,node/13731950209
950.6,1191,fast_food,Poke Bowl,Mo-Sa 10:00-20:00; Su 10:00-18:00,59.315536,24.4107029,node/13731950208
950.6,1204,restaurant,Rocco's Burger and BBQ,Mo-Sa 10:00-20:00; Su 10:00-18:00,59.3155265,24.4103567,node/13731950202
950.6,1215,cafe,Sunny Pocket,Mo-Sa 10:00-20:00; Su 10:00-18:00,59.315799,24.410604,node/13731950201
950.6,1236,supermarket,Coop Keila Maksimarket,Mo-Su 09:00-22:00,59.3158646,24.4102128,node/13731949059
950.61,609,supermarket,Selver,Mo-Su 08:00-23:00,59.3132535,24.4220264,way/80999373
950.61,633,fast_food,Pizza Kiosk,Mo-Sa 11:00-24:00; Su 11:00-21:00,59.31333,24.4213085,node/3656917899
950.61,637,fast_food,Hesburger,Mo-Su 09:00-21:00,59.3134007,24.4214468,node/3545010668
950.61,677,fuel,Neste,Mo-Su 00:00-12:00+,59.3139688,24.4224133,way/241961504
950.68,43,cafe,Kraft microbakery and coffee,We-Su 11:00-19:00,59.3076678,24.4271709,node/11057370837
950.68,44,bakery,Kraft,We-Su 10:00-19:00,59.3076542,24.4271967,node/11034060540
950.68,47,cafe,Gnoom,Mo-Fr 08:00-18:00; Sa 09:00-18:00; Su 10:00-17:00,59.3076343,24.427336,node/1177385183
950.71,98,restaurant,Scottish House,11:00-24:00,59.3073858,24.4286136,node/11034060539
950.96,329,supermarket,Lidl,NA,59.3116687,24.4275853,way/1446355733
950.96,454,fuel,Jetoil Keila diislipunkt,24/7,59.3129441,24.4273676,node/8049704450
951.01,375,convenience,Olerex Keila tankla,24/7,59.312372,24.4281905,way/540056599
969.22,1198,convenience,Circle K,NA,59.358834,24.6015144,way/1468529199
969.22,1222,fuel,Circle K,Mo-Su 00:00+,59.358635,24.601701,way/1503018973
969.22,1304,restaurant,Pappa Pizza,NA,59.3578979,24.6021311,node/13764571954
971.57,1342,restaurant,MuSi,NA,59.3690755,24.6372359,node/11775304966
971.57,1370,supermarket,Realiseerimiskeskus,Mo-Fr 09:00-20:00; Sa 10:00-19:00; Su 10:00-18:00,59.3694029,24.6387276,way/26893127
972.62,248,restaurant,Neljakesi,Mo-Th 11:00-21:00; Fr-Sa 11:00-23:00; Su 11:00-20:00,59.3847544,24.6398517,node/13815117115
972.62,340,restaurant,Tahetorni,10:00-23:00,59.3874085,24.6387258,node/12345720264
972.62,482,fast_food,Tähetorni T-kiosk,Mo-Fr 10:00-16:00,59.3863367,24.6434657,way/888086053
973.06,10,drinking_water,NA,NA,59.3865516,24.6286495,node/12361589689
974.76,982,cafe,Legend,Mo-Su 11:00-19:00,59.3895815,24.6534289,node/8004549139
974.79,231,restaurant,Baklažaan,"Su-Th 11:00-22:00, Fr-Sa 11:00-23:00",59.3947017,24.644749,way/26876121
974.84,885,bakery,Pistoria,Tu-Sa 10:00-16:00,59.3916677,24.6548909,node/12345574242
975.03,1084,drinking_water,NA,NA,59.3947211,24.6621516,node/13759221404
975.07,768,restaurant,Helios Kohvik,Mo-Fr 09:00-17:00,59.3969651,24.6576134,node/12784356592
975.07,872,restaurant,Lõunarestoran Mets,08:30-16:00,59.3963359,24.6592027,node/3082071850
975.07,1487,kiosk,R-Kiosk,Mo-Fr 08:00-16:00,59.3946145,24.6695367,node/7235402778
975.11,241,cafe,Tore Pere,Mo-Fr 09:00-16:00,59.3985866,24.64871,node/7766382056
975.11,758,fast_food,Tehnopol Pizzakiosk,Mo-Su 11:00-21:00,59.3978817,24.6577591,node/7235402780
975.11,760,convenience,Nutipood,24/7,59.3974496,24.6576516,node/10684127572
975.11,916,restaurant,Nuudel,Mo-Sa 11:00-22:00,59.3977989,24.6605449,node/10649059214
975.11,1276,cafe,Akadeemia Food & Drinks,Mo-Fr 08:00-18:00; Sa-Su 11:00-18:00,59.3972684,24.6668221,node/11333537934
975.11,1372,kiosk,Thin Bai Kebab Curry,"Su-Th 11:00-24:00, Fr,Sa 11:00-03:00",59.3969443,24.6684438,way/80595584
975.11,1471,restaurant,Mets Taltech SOC,Mo-Fr 08:30-15:00,59.3968551,24.6701902,node/2908711017
975.14,946,restaurant,Pannkoogimaja,Mo-Su 10:00-18:00,59.3981969,24.6611581,node/12787014147
975.14,1412,convenience,Tipi Pood,09:00-22:00,59.3983818,24.6694339,way/26871430
975.23,732,fuel,Tallinna CNG tankla,24/7,59.401076,24.6572829,way/26871845
975.3,728,supermarket,Lidl,Mo-Su 08:00-22:00,59.4020048,24.6568067,way/1137315360
975.57,635,convenience,OÜ Aledus,Mo-Su 09:00-23:00,59.4037868,24.6325141,node/9285986695
975.63,230,bakery,Crustum,Mo-Su 9:00-18:00,59.4030467,24.6477052,node/9214373362
975.72,343,supermarket,Maxima X,Mo-Su 08:00-22:00,59.4050728,24.6383334,node/13383216021
975.72,1391,fuel,Õismäe Krooning,24/7,59.4072615,24.6203089,way/26921530
975.92,131,fast_food,Meat & Bun Burger,Mo-Su 10:00-01:00,59.4062828,24.6435458,way/1076037687
975.92,364,greengrocer,NA,NA,59.4072008,24.6398343,node/9795240135
975.96,6,drinking_water,NA,NA,59.4061332,24.6459375,node/9759396799
975.96,321,convenience,Grossi Toidukaubad,08:00-22:00,59.4073664,24.6408024,way/226518876
975.96,727,fast_food,Sillburger,10:00-02:00,59.410987,24.6373962,node/11453059262
975.96,758,greengrocer,Lombard24.ee,Mo-Su 10:00-20:00,59.4114781,24.6376972,node/10814302009
975.96,774,convenience,Maxima X,08:00-22:00,59.4114816,24.6372697,node/1603908813
975.96,775,greengrocer,Kollane keskus,Mo-Su 09:00-21:00,59.4117898,24.638025,node/9795145059
975.96,795,convenience,A1000 Market,09:00-21:00,59.4118287,24.6375238,node/1603908815
975.96,822,restaurant,Harku kohvik,09:00-23:00,59.4119741,24.6371372,node/9795145053
975.96,1149,kiosk,NA,NA,59.4141951,24.6333255,node/10814264051
976.12,356,bakery,Pagaripood,Mo-Fr 10:00-17:00,59.4043107,24.6516363,node/3816286620
976.21,450,fuel,Olerex,24/7,59.4044475,24.6545324,way/26920597
976.21,581,supermarket,Coop,08:00-22:00; Jan 1 11:00-20:00; Dec 24 08:00-18:00; Dec 25-26 10:00-20:00; Dec 31 08:00-20:00,59.4033041,24.6554274,way/26920448
976.24,801,kiosk,Shawerma Õismäe,Mo-Su 11:00-23:00,59.4123471,24.6386164,node/9795239519
976.36,374,butcher,Heleni Lihakarn,Mo-Fr 10:00-19:00; Sa-Su 10:00-17:00,59.41091,24.6469786,way/235123216
976.36,412,fast_food,Lezzet Döner & Shaurma,NA,59.4113101,24.6468966,node/8285089217
976.36,520,fast_food,Drumsticks,Mo-Fr 11:00-22:00; Sa-Su 12:00-22:00,59.4048135,24.6572706,way/26920519
976.36,524,fast_food,Maama Pizza,Mo-Su 12:00-18:00,59.4046848,24.6570883,node/9653329697
976.44,416,convenience,Maxima XX,08:00-23:00,59.4115987,24.6474064,node/1603908811
976.44,417,greengrocer,NA,NA,59.411388,24.646949,node/9697634644
976.44,462,greengrocer,NA,Mo-Fr 09:00-18:00; Sa-Su 10:00-17:00,59.4118615,24.646772,way/407085497
976.44,1005,convenience,Maxima X,08:00-22:00,59.4154766,24.6403104,node/1603908814
976.53,229,fuel,Jetoil Pilvetee,24/7,59.4078603,24.6563047,node/12484674989
976.53,866,restaurant,Friend's,Mo-Su 11:00-22:00,59.4032404,24.6630359,node/8690394121
976.53,870,restaurant,Peetri Pizza,"Mo-Tu,Th-Su 11:00-22:00; We off",59.4032447,24.663181,node/1256683063
976.61,875,convenience,Maxima X,Mo-Su 08:00-22:00,59.4036476,24.664226,node/1450811733
976.61,889,restaurant,Restoran Merlot,"Mo-Th,Su 12:00-01:00; Fr-Sa 12:00-03:00",59.4038114,24.6649663,node/1450811734
976.61,1195,convenience,Grossi Toidukaubad,"Mo-Fr 08:00-22:00, Sa-Su 09:00-22:00",59.401768,24.6685833,way/26920818
976.61,1309,cafe,Pagaripoisid,Mo-Fr 08:00-19:00; Sa-Su 09:00-17:00; PH off,59.4006908,24.6692209,node/4114264892
976.69,932,drinking_water,NA,NA,59.4164014,24.6443898,node/12097560105
976.76,359,fuel,Circle K Õismäe automaat,24/7,59.4128747,24.6519046,way/26850413
976.76,1012,cafe,Ring Kohvik,12:00-22:00,59.4173949,24.6445004,node/10814302017
976.82,293,fast_food,Shaurma Kebab,"Mo-Th,Su 10:00-22:00; Fr-Sa 10:00-24:00",59.4131584,24.6543803,way/26850378
976.82,326,fast_food,Peetri Pizza,NA,59.4088395,24.6612164,way/26921250
976.89,246,restaurant,The plov / los pelmenes,We-Th 15:00-22:00; Fr 15:00-23:00; Sa 13:00-23:00; Su 13:00-22:00,59.4131871,24.6557252,node/2941757376
976.89,296,fuel,Olerex,Mo-Su 10:00-22:00,59.4091899,24.6611781,way/26921219
976.89,299,supermarket,Rimi,08:00-22:00; Jun 23 08:00-20:00; Jun 24 10:00-22:00,59.4135441,24.6550733,node/1603908808
976.89,340,fast_food,Sushi House,Mo-Su 10:00-22:00,59.4138038,24.654546,node/11429446552
976.89,356,cafe,Pagaripere,Mo-Sa 08:00-20:00; Su 11:00-18:00,59.4139183,24.6543744,node/9580342917
976.96,319,butcher,Nurmenuku Lihapood,Mo-Sa 10:00-20:00; Su 10:00-18:00,59.4138213,24.6551464,node/9350405518
976.96,336,fast_food,Peetri Pizza,11:00-21:00,59.4139317,24.6549227,way/228516961
976.96,361,fast_food,Hesburger,Mo-Su 08:00-21:00,59.4139993,24.6544318,node/3851784034
977.11,63,convenience,Alexela,NA,59.411925,24.6616059,node/11931305325
977.11,65,fuel,Olerex,NA,59.4119025,24.6616093,way/26850273
977.13,1233,supermarket,Rimi,08:00-22:00,59.4044051,24.6761621,node/9630938057
977.15,204,convenience,R-Kiosk,"Mo-Fr 07:00-22:00; Sa,Su 08:00-21:00",59.4117261,24.6647077,way/114926009
977.15,212,fuel,Neste,24/7,59.4115008,24.6645873,way/26850317
977.15,273,fast_food,Grillman,"Sa,Su 11:00-18:00; Mo-Fr 10:00-19:00",59.4116714,24.6660285,way/26850290
977.15,1210,fast_food,Vilde Diner,24/7,59.4051144,24.6770164,node/9653349236
977.15,1234,restaurant,Sushi Guru,"Mo-Th,Su 11:00-22:00; Fr-Sa 11:00-23:00",59.4045764,24.6765312,node/12373967534
977.15,1418,restaurant,Hutorok,"Mo-Th,Su 12:00-22:00; Fr-Sa 12:00-23:00",59.4037059,24.6794367,node/9687523671
977.18,30,convenience,LedEkspert,Mo-Fr 09:30-16:00,59.4130679,24.6611205,node/3092381349
977.18,135,supermarket,Wolt Market Haabersti,"Mo-Th 07:45-23:00, Fr 07:45-00:00, Sa 09:00-00:00, Su 09:00-23:00",59.4138913,24.660196,node/11874060002
977.18,237,fuel,Alexela,24/7,59.4145541,24.6589235,way/26850143
977.18,836,fast_food,Old Style Pizza,NA,59.4183446,24.6513266,way/303735381
977.23,21,fast_food,Grillbaas,Mo-Fr 10:00-20:30; Sa 11:00-19:00,59.4129784,24.6622452,way/249781433
977.24,151,restaurant,Rucola,Mo-Fr 11:00-22:00; Sa-Su 10:00-22:00,59.4142497,24.6604557,node/2565276842
977.24,318,cafe,Café Lyon,"Mo-Fr 08:00-21:00, Sa 09:00-21:00, Su 09:00-20:00",59.415498,24.6587823,node/2941769809
977.24,362,restaurant,Armudu,"Mo-Th,Su 11:00-23:00; Fr-Sa 11:00-24:00",59.4157881,24.6582543,node/2941765717
977.24,381,cafe,Tigrani Šašlõkibaar,Mo-Th 11:00-21:00; Fr-Su 11:00-22:00,59.4156646,24.6574758,way/26849617
977.24,1012,cafe,Umile kohvik,Mo-Fr 08:00-15:00,59.4197896,24.6498008,node/9700097267
977.32,117,restaurant,Grüne Resto,Mo-Fr 09:00-15:30,59.4143315,24.6615495,node/9605244774
977.32,152,supermarket,Realiseerimiskeskus,Mo-Fr 09:00-20:00; Sa 10:00-20:00; Su 10:00-18:00,59.412787,24.6651944,node/10561603830
977.32,156,general,Miu Kids / Fresh Design,Mo-Fr 10:00-18:00,59.4147863,24.6614432,node/9999467444
977.41,237,supermarket,Kadaka Selver,Mo-Su 08:00-23:00,59.41247,24.6667414,way/215351369
977.41,327,restaurant,Uulits Tänavagurmee,"Su,Mo 11:30-21:00; Tu-Th 11:30-22:00; Fr,Sa 11:30-22:30",59.4119712,24.6680886,way/26850269
977.41,879,bakery,Sju Cake House,Tu-Sa 10:00-19:00,59.4082865,24.6746396,node/9652480939
977.49,355,restaurant,Moos,Mo-Th 11:00-21:00; Fr 11:00-22:00; Sa 12:00-22:00; Su 13:00-21:00,59.4121615,24.6692413,node/8750020070
977.49,869,supermarket,Maxima XX,08:00-22:00,59.4087379,24.675373,way/26921233
977.58,354,cafe,NA,NA,59.4177266,24.6627497,node/5753675886
977.58,771,fuel,Olerex,24/7,59.4100026,24.675585,way/60256041
977.66,631,cafe,NA,10:00-19:00,59.420217,24.6609326,node/11178902469
977.66,740,supermarket,Lidl,Mo-Su 08:00-22:00,59.4106769,24.6762799,way/1004979995
977.74,506,cafe,NA,NA,59.4198155,24.6633917,way/26848652
977.74,714,fast_food,Kohvik,Mo-Fr 09:00-16:00,59.4112405,24.676829,node/8998861562
977.83,904,restaurant,MySushi,Mo-Sa 11:00-20:00; Su 11:00-19:00,59.4107328,24.6808286,node/10908598142
977.83,916,fast_food,China Wok,NA,59.410701,24.6810672,node/10908598141
977.83,963,cafe,Coffee in,Mo-Sa 09:00-20:00; Su 09:00-18:00,59.410654,24.6821607,node/9748578202
977.83,971,bakery,Tone,Mo-Sa 10:00-20:00; Su 11:00-18:00,59.4100082,24.6809889,node/11324282497
977.83,979,fast_food,Gurmee Sushi,10:00-21:00,59.4105605,24.6823739,node/11324282482
977.83,983,bakery,Meie Gruusia,Mo-Sa 10:00-20:00; Su 10:00-19:00,59.4105604,24.6824795,node/11324282481
977.83,988,supermarket,Prisma,24/7,59.4107097,24.6828876,node/1056758491
977.83,991,restaurant,Chow King,10:00-21:00,59.4104024,24.6823834,node/11324282480
977.83,1032,fast_food,Pizzakiosk,Mo-Su 10:00-21:00,59.4103564,24.6832912,node/11324282490
977.83,1182,fast_food,Hesburger,"Mo-Su 09:00-23:00 open ""Dining in"" || Mo-Su 09:00-24:00",59.4093395,24.6850444,way/26850598
977.83,1303,fuel,Circle K Tammsaare tankla,24/7,59.4085077,24.6864513,way/26919091
977.85,1372,supermarket,Rimi,Mo-Su 08:00-22:00,59.40862,24.6883109,node/3632360798
977.85,1375,restaurant,Lido,Mo-Sa 11:00-21:00; Su 11:00-20:00,59.40864,24.6884187,node/5389011222
977.85,1397,cafe,Gustav,Mo-Sa 10:00-20:00; Su 10:00-19:00,59.4084923,24.6886826,node/5389040021
977.85,1401,supermarket,Biomarket,Mo-Su 10:00-20:00,59.4085824,24.6889422,node/7130791841
977.85,1403,cafe,Meze,Mo-Su 10:00-22:00,59.408483,24.6888094,node/9654129812
977.85,1410,cafe,Pokébowl,10:00-21:00,59.4084674,24.688954,node/10015553123
977.85,1412,restaurant,Chopsticks,NA,59.4084139,24.6889073,node/9653846493
977.85,1417,restaurant,Little India,NA,59.4084022,24.6890052,node/9653846494
977.85,1422,fast_food,New York Pizza,"Mo-Th,Su 11:00-26:00; Fr-Sa 11:00-06:00",59.4083393,24.6889946,node/9653846489
977.85,1444,restaurant,Viru Burger,Mo-Th 11:30-21:00; Fr-Sa 11:30-22:00; Su 11:30-20:00,59.4082868,24.689424,node/10670748488
977.85,1451,bakery,Muhu Pagarid,10:00-21:00,59.408421,24.689828,node/10015782933
977.85,1452,cafe,My Doner,10:00-21:00,59.408317,24.6896748,node/10015782930
977.85,1463,fast_food,Domino's,"Mo-Th 10:00-22:00; Fr,Sa 10:00-23:00; Su 10:00-22:00",59.4082268,24.6897797,node/11430098315
977.85,1465,restaurant,MySushi,10:00-22:00,59.4083902,24.6900924,node/11324758496
977.85,1475,cafe,Blender,NA,59.4081954,24.6899953,node/10670082780
977.97,570,cafe,Reval Café,Mo-Fr 07:30-16:00; Sa 09:00-16:00,59.4147328,24.6796716,node/9658343022
978.05,438,fast_food,Sushi vibes / Mama shaurma,Mo-Th 10:00-22:00; Fr 10:00-02:00; Sa 11:00-02:00; Su 11:00-24:00,59.4158846,24.6783844,node/9810470453
978.05,982,supermarket,Mahemarket - Parim Pood,Mo-Fr 10:00-20:00; Sa 10:00-18:00; Su 12:00-18:00,59.4135942,24.6869528,node/4115864038
978.1,550,cafe,Kooker tänavakohvik,Mo-Su 09:00-20:00,59.4159734,24.6808753,node/10829697050
978.21,813,cafe,Plus kohvik,Mo-Fr 08:30-16:00,59.4156604,24.6861401,node/12169680816
978.3,1070,restaurant,Orient,NA,59.4150631,24.6907719,node/730989297
978.4,1149,cafe,Vesipapi buffet,Mo-Fr 08:00-15:00,59.4153562,24.6927542,node/12458764530
978.49,1047,cafe,Armanž,NA,59.4171803,24.6927875,node/11264645294
978.49,1058,fuel,Alexela,24/7,59.4165634,24.6923041,node/1351522786
978.58,1122,restaurant,Löwenruh,NA,59.4168809,24.6939691,node/730989298
978.58,1347,drinking_water,NA,NA,59.4159711,24.6975414,node/9759326360
978.67,54,drinking_water,NA,NA,59.4227716,24.6788913,node/13667327572
978.67,398,fast_food,Veska-Grill Kiosk,NA,59.4247043,24.671863,node/8792590809
978.67,999,fuel,Terminal,NA,59.4186956,24.6935498,way/26849056
978.94,284,restaurant,Veska,Mo-Fr 11:00-16:00,59.4238572,24.6848809,node/12888679177
979.03,962,supermarket,Lidl,NA,59.4215337,24.6961332,node/12309340763
979.11,1048,restaurant,Weis,Sa 12:00-22:00; Su 12:00-21:00; Mo-Fr 11:00-22:00,59.4214273,24.697779,node/11309065658
979.11,1057,supermarket,Realiseerimiskeskus,Mo-Fr 09:00-19:00; Sa 10:00-18:00; Su 10:00-17:00,59.421867399999996,24.6984734,node/924362194
979.2,845,fuel,Alexela,24/7,59.4232696,24.695757,way/159589959
979.2,941,supermarket,Selver,Mo-Su 08:00-22:00,59.422599,24.6969406,node/730989299
979.2,969,convenience,Mumbai Mart,NA,59.4223658,24.6972408,node/14038540950
979.2,977,cafe,Marii Bistroo,Mo-Fr 09:30-16:30,59.4225236,24.6976009,node/11309431625
979.2,1037,greengrocer,NA,NA,59.4223672,24.6986473,node/13081365605
979.2,1039,kiosk,Marja Pagarid,"Mo-Fr 07:00-19:00; Sa,Su 08:00-17:00",59.4220743,24.6983295,way/26848543
979.2,1105,supermarket,Grossi toidukaubad,Mo-Su 09:00-22:00,59.4221223,24.6997658,node/730989290
979.29,1040,fuel,Neste,24/7,59.4228765,24.6993183,way/26848117
979.29,1049,restaurant,Spice Grill,11:00-23:00,59.4227012,24.6992841,node/9605103630
979.29,1069,fast_food,Monster Pizza,"Mo-Th,Su 12:00-21:00; Fr-Sa 12:00-22:00",59.4226163,24.6996069,node/730989303
979.38,963,supermarket,Debol's Aafrika Ja Aasia toidupood,NA,59.4254487,24.7004791,node/12736926356
979.38,963,supermarket,Maxima X,Mo-Su 08:00-22:00,59.424945,24.7000633,node/933956989
979.38,1226,cafe,Kondiiter.ee,NA,59.4246884,24.7048759,node/13606000245
979.41,56,convenience,Saaremaa,NA,59.4286925,24.6835642,node/245494440
979.8,201,cafe,Carmen,Mo-Su 10:00-22:00,59.4300551,24.6897292,way/26919931
979.8,546,cafe,Cuppps,Mo-Sa 07:00-23:00; Su 08:00-22:00,59.4298487,24.696265,node/9999144828
979.8,586,fast_food,Hesburger,Mo-Su 09:00-22:00,59.4301528,24.6971302,node/3123833134
979.8,606,supermarket,Merimetsa Selver,NA,59.4302017,24.6975159,node/13354864973
979.8,630,supermarket,Selver,08:00-22:00,59.4302383,24.6979483,way/26900360
979.8,681,restaurant,Merimetsa Resto,Mo-Fr 09:00-21:00; Sa-Su 11:00-21:00,59.4299486,24.6987592,node/9999091513
979.8,776,fuel,Neste Express Merimetsa,24/7,59.4295272,24.700294,way/26855944
979.8,961,cafe,Bistroo,Mo-Fr 08:00-15:00,59.4274024,24.7022521,node/9999291842
979.8,1064,cafe,Valencia,Mo-Su 08:30-16:00,59.4264695,24.7033313,node/8009509803
979.8,1078,restaurant,Bliss,Mo-Su 11:00-21:00,59.4261329,24.7032361,node/4212296009
979.8,1130,cafe,Ratas & kohv,Mo-Fr 08:00-20:00; Sa 10:00-18:00; Su 10:00-17:00,59.4295356,24.7066835,node/11272208500
980.08,22,restaurant,Jahu pizza,"Mo-Th 12:00-22:00; Fr, Sa 12:00-23:00; Su 12:00-22:00",59.4332639,24.6848401,node/12536483100
980.08,25,fast_food,Amijami,Mo-Su 11:30-22:00,59.4332458,24.6847367,node/12536477183
980.23,36,drinking_water,NA,NA,59.4349215,24.6835864,node/13931957705
981.26,128,supermarket,Pelguranna Toidupood,NA,59.4426308,24.6898188,node/1696813614
981.57,743,supermarket,Rimi Mini,08:00-22:00,59.4386549,24.7072508,way/26901202
981.57,784,fuel,Alexela,24/7,59.4385053,24.7079139,way/26903146
981.57,813,kiosk,R Kiosk,"Mo-Fr 07:00-21:00; Sa,Su 09:00-20:00",59.4380947,24.7081661,node/1371480681
981.57,823,fuel,Neste,24/7,59.4381563,24.7084062,way/1053880697
981.57,845,fast_food,Hesburger,08:00-22:00,59.4378731,24.7086063,node/9673607959
981.57,1091,supermarket,Wolt Market Pelgulinn,"Mo-Th 08:30-23:00, Fr 08:30-00:00, Sa 09:30-00:00, Su 09:30-23:00",59.4353947,24.7109186,node/11190653434
981.57,1125,fast_food,Sillburger,10:00-23:00,59.4355084,24.7117752,node/13698043854
981.57,1261,restaurant,Armudu,Su-Th 11:00-23:00; Fr-Sa 11:00-24:00,59.4349516,24.7139242,node/12170429558
981.8,174,restaurant,retro BURGER,We-Su 12:00-20:00,59.4438966,24.6939372,node/9735898717
981.92,600,supermarket,Selver,Mo-Su 08:00-23:00,59.4402734,24.7057992,way/650596561
981.92,601,supermarket,Kolder Selver,NA,59.4402982,24.7058553,node/13354864539
981.97,243,bakery,OZ∆[] Kondiitriäri,Mo-Fr 11:00-18:00,59.4426784,24.7014443,node/1740009149
981.97,377,fast_food,Pizza 313,"Mo-Th,Su 11:00-23:00; Fr-Sa 11:00-01:00",59.4427401,24.7041696,way/26854356
982.03,328,cafe,Stroomi Resto,Mo-Fr 10:00-20:00; Sa 11:00-20:00; Su off,59.446321,24.6938693,node/13006701575
982.07,99,convenience,Toidupood Valentina,Mo-Su 10:00-22:00,59.4454997,24.6977904,node/1696813629
982.14,73,supermarket,Selver,Mo-Su 08:00-23:00,59.444837,24.7004693,way/26854556
982.14,357,restaurant,Sõle grill,Su-Th 11:00-22:00; Fr-Sa 11:00-23:00,59.4432838,24.7044484,node/1740008165
982.14,388,supermarket,Maxima X,Mo-Su 08:00-22:00,59.4430945,24.7048551,node/7779187518
982.24,231,supermarket,Grossi,"Mo-Fr 08:00-22:00; Sa,Su 09:00-22:00",59.4477149,24.6979069,way/26914368
982.24,300,convenience,Lombard Ades Laenud,Mo-Su 10:00-20:00,59.4481121,24.6969321,node/1696833525
982.27,301,cafe,Ahjupala,Mo-Fr 10:00-18:00; Sa 10:00-16:00,59.4483659,24.6975232,node/1740020186
982.27,367,kiosk,NA,NA,59.448944,24.6971072,way/458592127
982.41,837,convenience,Kolde pood,Mo-Su 09:00-22:00,59.44159,24.7142943,node/1696813604
982.41,948,cafe,Ristikheina Kohvik,"Mo-Fr 08:00-20:00; Sa,Su 09:00-18:00",59.440322,24.7146106,node/4240707164
982.41,1112,restaurant,Kaja Pizza Köök,Mo-Su 11:30-19:00,59.4395822,24.7172679,node/5077139476
982.41,1284,bakery,Pelgu pagar,Tu-Fr 08:00-18:00; Sa 09:00-15:00,59.4375921,24.7175016,node/12747320597
982.53,444,convenience,Ristiku Pood,no,59.4451717,24.7108466,node/1740008164
982.6,381,supermarket,Alina Toidupood,10:00-22:00,59.4500245,24.6997163,node/5041161318
982.76,1011,restaurant,The Kurze,"Su-Mo, Th 12:00-20:30; Fr-Sa 12:00-21:30",59.4442466,24.7217596,node/9954842556
982.85,185,restaurant,Santa Lucia,Tu-Fr 16:00-22:00; Sa 13:00-22:00,59.4490914,24.7105284,node/12137007619
982.85,192,bakery,Bekker,Mo-Fr 08:00-18:00; Sa 09:00-18:00; Su 09:00-16:00,59.4489936,24.7105555,node/9103154231
982.85,823,restaurant,Sumi Bakery & Restaurant,"Tu-Fr 07:30-16:00, Sa,Su 09:00-16:00, Tu-Su 17:00-23:00",59.445689,24.7196843,node/12669892225
982.94,20,restaurant,Port Desina,"Mo-Fr 09:00-19:00; Sa,Su 11:00-19:00",59.4502663,24.7085177,node/2676873018
982.94,28,cafe,Willa kohvik,Mo-Fr 08:00-17:00; Sa 15:00-17:00; Su off,59.4504284,24.7079299,node/1740231460
982.94,53,restaurant,Paavli Bistro,NA,59.4500271,24.7088892,node/1747366506
982.95,80,kiosk,BestofBest,NA,59.4501675,24.7098186,way/451852000
982.95,239,bakery,NA,NA,59.4514853,24.7124012,node/4242488865
982.95,290,cafe,NA,NA,59.4508522,24.7137079,node/1746769947
982.95,456,bakery,Kalamaja Pagarikoda,Mo-Fr 08:00-20:00; Sa-Su 09:00-20:00,59.4513612,24.7165188,node/4611970299
982.95,470,restaurant,Ginger,Mo-Su 11:00-22:00,59.4514522,24.7167235,node/4489702922
982.95,476,fast_food,Kebabi Wabrik,NA,59.451322,24.7168855,node/4491621281
982.95,477,restaurant,Green Bakery,NA,59.4515325,24.7168254,node/4492280196
982.95,481,restaurant,Poseidon,NA,59.4515722,24.7168815,node/4491621282
982.95,482,restaurant,Port Desina,NA,59.4513935,24.716974,node/4491621283
982.95,515,restaurant,Gourmet Club,Mo-Sa 10:00-20:00; Su 11:00-18:00,59.4519041,24.7173107,node/4491621284
982.95,535,supermarket,Arsenali Selver,08:00-22:00,59.4515431,24.7178703,node/4486148445
982.95,554,supermarket,Bio4You,Mo-Sa 10:00-20:00; Su 10:00-19:00,59.4514471,24.7182496,node/4492242904
982.95,571,restaurant,Sushi Art,Mo-Su 11:00-21:00,59.4514524,24.7185497,node/6601172887
982.95,582,fast_food,Hesburger,Mo-Su 10:00-21:00,59.4515899,24.7187002,node/4489702921
982.95,743,restaurant,Rosé,"Tu-Th 18:00-22:00; Fr,Sa 17:00-23:00; Su 16:00-21:00",59.4486996,24.7212383,node/13373614998
982.95,744,fuel,Alexela,24/7,59.4510521,24.7217337,way/873283142
982.95,749,cafe,Inti,Mo-Fr 08:00-16:00; Sa 10:00-16:00,59.4486556,24.7213401,node/13333316945
982.95,836,cafe,Wrot,Tu-Fr 14:00-20:00; Sa 14:00-17:00,59.4481436,24.7226238,node/13373599385
982.95,858,cafe,Paper Mill Coffee Volta,NA,59.4497654,24.7237105,node/11476627590
982.95,975,restaurant,Vernalia kohvik,Mo-Fr 09:00-17:00,59.449368,24.7257126,node/1751498005
982.95,1001,supermarket,Ökosahver,Mo-Fr 10:00-19:00; Sa 11:00-16:00,59.4450082,24.7225747,node/10312934008
982.95,1006,cafe,Värav,Mo-Fr 08:00-17:00; Sa-Su 09:00-16:00,59.4455222,24.7234141,node/12747376144
982.95,1061,convenience,R kiosk,Mo-Fr 07:30-19:30; Sa-Su 10:00-20:00,59.4470233,24.7260664,node/13373628752
982.95,1094,cafe,Staapli 3 Art Gallery and Cafe,Mo-Th 10:00-20:00; Fr-Su 09:00-20:00,59.4514017,24.7278889,node/6601154095
982.95,1094,convenience,Salme toidupood,Mo-Su 10:00-21:30,59.4481347,24.7273792,node/11813416336
982.95,1119,cafe,Robert's Coffee,"Mo-Fr 09:00-18:00; Sa,Su 09:00-19:00",59.4516141,24.7283029,node/9760504080
982.95,1127,fast_food,Pizza wabrik,Mo-Su 11:00-22:00,59.4479233,24.7278648,node/1751497998
982.95,1130,fast_food,Patarei Burger,"We,Th 11:00-20:00; Fr 11:00-22:00; Sa 12:00-22:00; Su 12:00-20:00",59.4519135,24.7284238,node/6601154089
982.95,1167,restaurant,180°,Tu-Sa 18:00-23:00,59.4521297,24.7290134,node/6601081682
982.95,1237,cafe,Proto Kohvik,Mo 11:30-15:00; Tu-Fr 11:30-17:00; Sa-Su 11:30-18:00,59.4516947,24.7303832,node/11924675515
982.95,1251,restaurant,UMA,Tu-Sa 17:30-23:00,59.4522489,24.7304932,node/7264861677
982.95,1268,restaurant,Lore Bistroo,Mo-Sa 12:00-23:00; Su 12:00-22:00,59.4524365,24.7307268,node/7264857801
982.95,1275,fast_food,Kot.,Mo-Sa 11:00-23:00; Su 12:00-21:00,59.4525226,24.7308369,node/11215589927
982.95,1275,cafe,Koogipood,"Th, Fr 09:00-18:00; Sa 10:00-16:00",59.4451758,24.7285533,node/12386170527
982.95,1288,convenience,Rimi Express,07:00-00:00,59.4522777,24.731149,way/1311635519
982.95,1310,drinking_water,NA,NA,59.4529466,24.731299,node/11228518561
982.95,1317,cafe,T35 - The Breakfast Club,Mo-Sa 09:00-18:00; Su 09:00-17:00,59.44682,24.7307277,node/9057926023
982.95,1318,restaurant,La Prima,NA,59.4527077,24.7315414,node/13359681209
982.95,1335,cafe,Salt'sUp soolakohvik,"Mo-Su,PH 09:00-19:00",59.4467406,24.7310157,node/11261977056
982.95,1335,cafe,Puente,NA,59.4528923,24.7317755,node/13359679583
982.95,1370,fast_food,Barbossa,NA,59.4533747,24.7322091,node/11919801839
983,49,supermarket,Maxima X,Mo-Su 08:00-22:00,59.4505614,24.7074514,node/1666510608
983.05,83,supermarket,Realiseerimiskeskus,Mo-Fr 09:00-20:00; Su 10:00-18:00; Su 10:00-17:00,59.4506164,24.7066288,way/1153849180
983.16,26,cafe,Kohalik,11:00-22:00,59.4517565,24.7061822,node/11248558123
983.32,63,supermarket,Rimi Super,Mo-Su 08:00-22:00,59.4534018,24.7052417,node/771622697
983.32,99,fuel,Circle K,24/7,59.4536931,24.7055583,way/798045124
983.35,43,kiosk,R-kiosk,"Mo-Fr 07:00-19:00; Sa,Su 09:00-17:00",59.4530323,24.7033701,node/1740022197
983.65,481,cafe,Kohvik Saturn,NA,59.4504113,24.6957012,node/13991293091
984.33,31,fuel,Paljassaare Tankla,24/7,59.4599008,24.7023388,node/771604219
